{
  "version": 2,
  "name": "gob-avatar-assistant",
  "builds": [
    {
      "src": "server.js",
      "use": "@vercel/node"
    },
    {
      "src": "avatar-assistant.html",
      "use": "@vercel/static"
    }
  ],
  "routes": [
    {
      "src": "/avatar-assistant.html",
      "dest": "/avatar-assistant.html"
    },
    {
      "src": "/api/(.*)",
      "dest": "/server.js"
    },
    {
      "src": "/(.*)",
      "dest": "/avatar-assistant.html"
    }
  ],
  "env": {
    "NODE_ENV": "production"
  },
  "functions": {
    "server.js": {
      "maxDuration": 30
    }
  },
  "regions": ["iad1"],
  "headers": [
    {
      "source": "/api/(.*)",
      "headers": [
        {
          "key": "Cache-Control",
          "value": "no-cache, no-store, must-revalidate"
        },
        {
          "key": "Access-Control-Allow-Credentials",
          "value": "true"
        },
        {
          "key": "Access-Control-Allow-Origin",
          "value": "*"
        },
        {
          "key": "Access-Control-Allow-Methods",
          "value": "GET,OPTIONS,PATCH,DELETE,POST,PUT"
        },
        {
          "key": "Access-Control-Allow-Headers",
          "value": "X-CSRF-Token, X-Requested-With, Accept, Accept-Version, Content-Length, Content-MD5, Content-Type, Date, X-Api-Version, Authorization"
        }
      ]
    },
    {
      "source": "/(.*)",
      "headers": [
        {
          "key": "X-Content-Type-Options",
          "value": "nosniff"
        },
        {
          "key": "X-Frame-Options",
          "value": "SAMEORIGIN"
        },
        {
          "key": "X-XSS-Protection",
          "value": "1; mode=block"
        }
      ]
    }
  ]
}
